{
    "accuracy": 0.6676829268292683,
    "precision": 0.589041095890411,
    "recall": 0.3524590163934426,
    "f1_score": 0.441025641025641
}