{
    "accuracy": 0.676829268292683,
    "precision": 0.6176470588235294,
    "recall": 0.3442622950819672,
    "f1_score": 0.4421052631578947
}